{
  "Top": "filter_df2t",
  "RtlTop": "filter_df2t",
  "RtlPrefix": "",
  "RtlSubPrefix": "filter_df2t_",
  "SourceLanguage": "cpp",
  "HostMachineBits": "64",
  "FunctionProtocol": "ap_ctrl_none",
  "ResetStyle": "control",
  "Target": {
    "Family": "zynq",
    "Device": "xc7z020",
    "Package": "-clg400",
    "Speed": "-1",
    "Triple": "fpga64-xilinx-none"
  },
  "Args": {
    "y": {
      "index": "0",
      "direction": "out",
      "srcType": "stream<hls::axis<ap_int<64>, 1, 1, 1>, 0>&",
      "srcSize": "128",
      "hwRefs": [{
          "type": "interface",
          "interface": "y",
          "name": "",
          "usage": "data",
          "direction": "out"
        }]
    },
    "x": {
      "index": "1",
      "direction": "in",
      "srcType": "stream<hls::axis<ap_int<64>, 1, 1, 1>, 0>&",
      "srcSize": "128",
      "hwRefs": [{
          "type": "interface",
          "interface": "x",
          "name": "",
          "usage": "data",
          "direction": "in"
        }]
    }
  },
  "HlsSolution": {
    "FlowTarget": "vivado",
    "ConfigTcl": [
      "config_compile -complex-mul-dsp=0",
      "config_compile -pipeline_loops=0"
    ],
    "DirectiveTcl": [
      "set_directive_top -name filter_df2t \"filter_df2t\"",
      "set_directive_top filter_df2t -name filter_df2t",
      "set_directive_top filter_df2t -name filter_df2t"
    ],
    "ProfileOption": "0",
    "ProfileType": "none",
    "KernelName": "filter_df2t"
  },
  "ClockInfo": {
    "ClockName": "ap_clk",
    "ClockPeriod": "10",
    "Uncertainty": "2.7",
    "IsCombinational": "0",
    "II": "undef",
    "Latency": "undef"
  },
  "Xdc": {"OocClocks": ["create_clock -name ap_clk -period 10.000 [get_ports ap_clk]"]},
  "Ipx": {
    "Vendor": "xilinx.com",
    "Library": "hls",
    "Name": "filter_df2t",
    "Version": "1.0",
    "DisplayName": "Filter_df2t",
    "Revision": "2112964602",
    "Description": "An IP generated by Vitis HLS",
    "Taxonomy": "\/VITIS_HLS_IP",
    "AutoFamilySupport": "",
    "ZipFile": "xilinx_com_hls_filter_df2t_1_0.zip"
  },
  "Files": {
    "CSource": [
      "..\/..\/filter_df2t.cpp",
      "..\/..\/filt.cpp"
    ],
    "Vhdl": [
      "impl\/vhdl\/filter_df2t_filter_df2t_Pipeline_Multiply_Accumulate_Loop.vhd",
      "impl\/vhdl\/filter_df2t_filter_df2t_Pipeline_Multiply_Accumulate_Loop_a_ROM_AUTO_1R.vhd",
      "impl\/vhdl\/filter_df2t_filter_df2t_Pipeline_Multiply_Accumulate_Loop_b_ROM_AUTO_1R.vhd",
      "impl\/vhdl\/filter_df2t_flow_control_loop_pipe_sequential_init.vhd",
      "impl\/vhdl\/filter_df2t_mul_9ns_64s_73_5_1.vhd",
      "impl\/vhdl\/filter_df2t_mul_64s_6ns_69_5_1.vhd",
      "impl\/vhdl\/filter_df2t_mul_96s_25s_96_5_1.vhd",
      "impl\/vhdl\/filter_df2t_mul_96s_30s_96_5_1.vhd",
      "impl\/vhdl\/filter_df2t_regslice_both.vhd",
      "impl\/vhdl\/filter_df2t_shift_reg_v_V_RAM_AUTO_1R1W.vhd",
      "impl\/vhdl\/filter_df2t.vhd"
    ],
    "Verilog": [
      "impl\/verilog\/filter_df2t_filter_df2t_Pipeline_Multiply_Accumulate_Loop.v",
      "impl\/verilog\/filter_df2t_filter_df2t_Pipeline_Multiply_Accumulate_Loop_a_ROM_AUTO_1R.dat",
      "impl\/verilog\/filter_df2t_filter_df2t_Pipeline_Multiply_Accumulate_Loop_a_ROM_AUTO_1R.v",
      "impl\/verilog\/filter_df2t_filter_df2t_Pipeline_Multiply_Accumulate_Loop_b_ROM_AUTO_1R.dat",
      "impl\/verilog\/filter_df2t_filter_df2t_Pipeline_Multiply_Accumulate_Loop_b_ROM_AUTO_1R.v",
      "impl\/verilog\/filter_df2t_flow_control_loop_pipe_sequential_init.v",
      "impl\/verilog\/filter_df2t_mul_9ns_64s_73_5_1.v",
      "impl\/verilog\/filter_df2t_mul_64s_6ns_69_5_1.v",
      "impl\/verilog\/filter_df2t_mul_96s_25s_96_5_1.v",
      "impl\/verilog\/filter_df2t_mul_96s_30s_96_5_1.v",
      "impl\/verilog\/filter_df2t_regslice_both.v",
      "impl\/verilog\/filter_df2t_shift_reg_v_V_RAM_AUTO_1R1W.dat",
      "impl\/verilog\/filter_df2t_shift_reg_v_V_RAM_AUTO_1R1W.v",
      "impl\/verilog\/filter_df2t.v"
    ],
    "IpMisc": ["impl\/misc\/logo.png"],
    "CsynthXml": "syn\/report\/csynth.xml",
    "DebugDir": ".debug",
    "KernelXml": ".autopilot\/db\/kernel.internal.xml",
    "Xo": "",
    "XoHlsDir": "",
    "ProtoInst": [".debug\/filter_df2t.protoinst"]
  },
  "SubcoreInfo": {
    "HasXpmMemory": false,
    "HasClockedDsp": false,
    "Ip": []
  },
  "Interfaces": {
    "ap_clk": {
      "type": "clock",
      "busTypeName": "clock",
      "mode": "slave",
      "busParams": {
        "ASSOCIATED_BUSIF": "y:x",
        "ASSOCIATED_RESET": "ap_rst_n"
      },
      "portMap": {"ap_clk": "CLK"},
      "ports": ["ap_clk"]
    },
    "ap_rst_n": {
      "type": "reset",
      "busTypeName": "reset",
      "mode": "slave",
      "busParams": {"POLARITY": "ACTIVE_LOW"},
      "portMap": {"ap_rst_n": "RST"},
      "ports": ["ap_rst_n"]
    },
    "y": {
      "type": "axi4stream",
      "busTypeName": "axis",
      "mode": "master",
      "dataWidth": "64",
      "portPrefix": "y_",
      "ports": [
        "y_TDATA",
        "y_TDEST",
        "y_TID",
        "y_TKEEP",
        "y_TLAST",
        "y_TREADY",
        "y_TSTRB",
        "y_TUSER",
        "y_TVALID"
      ],
      "constraints": [{
          "constraint_type": "pragma interface",
          "mode": "axis",
          "register_option": "1",
          "register_mode": "both",
          "argName": "y"
        }]
    },
    "x": {
      "type": "axi4stream",
      "busTypeName": "axis",
      "mode": "slave",
      "dataWidth": "64",
      "portPrefix": "x_",
      "ports": [
        "x_TDATA",
        "x_TDEST",
        "x_TID",
        "x_TKEEP",
        "x_TLAST",
        "x_TREADY",
        "x_TSTRB",
        "x_TUSER",
        "x_TVALID"
      ],
      "constraints": [{
          "constraint_type": "pragma interface",
          "mode": "axis",
          "register_option": "1",
          "register_mode": "both",
          "argName": "x"
        }]
    }
  },
  "RtlPorts": {
    "ap_clk": {
      "dir": "in",
      "width": "1"
    },
    "ap_rst_n": {
      "dir": "in",
      "width": "1"
    },
    "y_TDATA": {
      "dir": "out",
      "width": "64"
    },
    "y_TVALID": {
      "dir": "out",
      "width": "1"
    },
    "y_TREADY": {
      "dir": "in",
      "width": "1"
    },
    "y_TDEST": {
      "dir": "out",
      "width": "1",
      "isVector": "true"
    },
    "y_TKEEP": {
      "dir": "out",
      "width": "8"
    },
    "y_TSTRB": {
      "dir": "out",
      "width": "8"
    },
    "y_TUSER": {
      "dir": "out",
      "width": "1",
      "isVector": "true"
    },
    "y_TLAST": {
      "dir": "out",
      "width": "1",
      "isVector": "true"
    },
    "y_TID": {
      "dir": "out",
      "width": "1",
      "isVector": "true"
    },
    "x_TDATA": {
      "dir": "in",
      "width": "64"
    },
    "x_TVALID": {
      "dir": "in",
      "width": "1"
    },
    "x_TREADY": {
      "dir": "out",
      "width": "1"
    },
    "x_TDEST": {
      "dir": "in",
      "width": "1",
      "isVector": "true"
    },
    "x_TKEEP": {
      "dir": "in",
      "width": "8"
    },
    "x_TSTRB": {
      "dir": "in",
      "width": "8"
    },
    "x_TUSER": {
      "dir": "in",
      "width": "1",
      "isVector": "true"
    },
    "x_TLAST": {
      "dir": "in",
      "width": "1",
      "isVector": "true"
    },
    "x_TID": {
      "dir": "in",
      "width": "1",
      "isVector": "true"
    }
  },
  "ModuleInfo": {
    "Hierarchy": {
      "ModuleName": "filter_df2t",
      "Instances": [{
          "ModuleName": "filter_df2t_Pipeline_Multiply_Accumulate_Loop",
          "InstanceName": "grp_filter_df2t_Pipeline_Multiply_Accumulate_Loop_fu_130"
        }]
    },
    "Info": {
      "filter_df2t_Pipeline_Multiply_Accumulate_Loop": {
        "FunctionProtocol": "ap_ctrl_hs",
        "isTaskLevelControl": "0",
        "isPipelined": "1",
        "isCombinational": "0",
        "isOneStateSeq": "0"
      },
      "filter_df2t": {
        "FunctionProtocol": "ap_ctrl_none",
        "isTaskLevelControl": "0",
        "isPipelined": "0",
        "isCombinational": "0",
        "isOneStateSeq": "0"
      }
    },
    "Metrics": {
      "filter_df2t_Pipeline_Multiply_Accumulate_Loop": {
        "Latency": {
          "LatencyBest": "23",
          "LatencyAvg": "23",
          "LatencyWorst": "23",
          "PipelineII": "23",
          "PipelineDepth": "",
          "PipelineType": "no"
        },
        "Timing": {
          "Target": "10.00",
          "Uncertainty": "2.70",
          "Estimate": "6.978"
        },
        "Loops": [{
            "Name": "Multiply_Accumulate_Loop",
            "TripCount": "5",
            "Latency": "21",
            "PipelineII": "3",
            "PipelineDepth": "10"
          }],
        "Area": {
          "BRAM_18K": "0",
          "AVAIL_BRAM": "280",
          "UTIL_BRAM": "0",
          "DSP": "10",
          "AVAIL_DSP": "220",
          "UTIL_DSP": "4",
          "FF": "1482",
          "AVAIL_FF": "106400",
          "UTIL_FF": "1",
          "LUT": "865",
          "AVAIL_LUT": "53200",
          "UTIL_LUT": "1",
          "URAM": "0",
          "AVAIL_URAM": "0",
          "UTIL_URAM": "0"
        }
      },
      "filter_df2t": {
        "Latency": {
          "LatencyBest": "",
          "LatencyAvg": "",
          "LatencyWorst": "",
          "PipelineII": "",
          "PipelineDepth": "",
          "PipelineType": "no"
        },
        "Timing": {
          "Target": "10.00",
          "Uncertainty": "2.70",
          "Estimate": "6.978"
        },
        "Loops": [{
            "Name": "VITIS_LOOP_28_1",
            "TripCount": "",
            "Latency": "",
            "PipelineII": "",
            "PipelineDepth": "35"
          }],
        "Area": {
          "BRAM_18K": "0",
          "AVAIL_BRAM": "280",
          "UTIL_BRAM": "0",
          "DSP": "17",
          "AVAIL_DSP": "220",
          "UTIL_DSP": "7",
          "FF": "3075",
          "AVAIL_FF": "106400",
          "UTIL_FF": "2",
          "LUT": "1810",
          "AVAIL_LUT": "53200",
          "UTIL_LUT": "3",
          "URAM": "0",
          "AVAIL_URAM": "0",
          "UTIL_URAM": "0"
        }
      }
    }
  },
  "GenerateBdFiles": "0",
  "GenData": {
    "DataVersion": "0.2",
    "Time": "2023-03-29 23:42:23 -0400",
    "ToolName": "vitis_hls",
    "ToolVersion": "2022.1"
  }
}
