{
  "Top": "filter_df2t_fixp",
  "RtlTop": "filter_df2t_fixp",
  "RtlPrefix": "",
  "RtlSubPrefix": "filter_df2t_fixp_",
  "SourceLanguage": "cpp",
  "HostMachineBits": "64",
  "FunctionProtocol": "ap_ctrl_none",
  "ResetStyle": "control",
  "Target": {
    "Family": "zynq",
    "Device": "xc7z020",
    "Package": "-clg400",
    "Speed": "-1",
    "Triple": "fpga64-xilinx-none"
  },
  "Args": {
    "y": {
      "index": "0",
      "direction": "out",
      "srcType": "stream<hls::axis<ap_int<32>, 1, 1, 1>, 0>&",
      "srcSize": "96",
      "hwRefs": [{
          "type": "interface",
          "interface": "y",
          "name": "",
          "usage": "data",
          "direction": "out"
        }]
    },
    "x": {
      "index": "1",
      "direction": "in",
      "srcType": "stream<hls::axis<ap_int<32>, 1, 1, 1>, 0>&",
      "srcSize": "96",
      "hwRefs": [{
          "type": "interface",
          "interface": "x",
          "name": "",
          "usage": "data",
          "direction": "in"
        }]
    }
  },
  "HlsSolution": {
    "FlowTarget": "vivado",
    "ConfigTcl": [
      "config_export -format=ip_catalog",
      "config_export -rtl=verilog"
    ],
    "DirectiveTcl": [
      "set_directive_top -name filter_df2t_fixp \"filter_df2t_fixp\"",
      "set_directive_top filter_df2t_fixp -name filter_df2t_fixp"
    ],
    "ProfileOption": "0",
    "ProfileType": "none",
    "KernelName": "filter_df2t_fixp"
  },
  "ClockInfo": {
    "ClockName": "ap_clk",
    "ClockPeriod": "10",
    "Uncertainty": "2.7",
    "IsCombinational": "0",
    "II": "undef",
    "Latency": "undef"
  },
  "Xdc": {"OocClocks": ["create_clock -name ap_clk -period 10.000 [get_ports ap_clk]"]},
  "Ipx": {
    "Vendor": "xilinx.com",
    "Library": "hls",
    "Name": "filter_df2t_fixp",
    "Version": "1.0",
    "DisplayName": "Filter_df2t_fixp",
    "Revision": "2112984963",
    "Description": "An IP generated by Vitis HLS",
    "Taxonomy": "\/VITIS_HLS_IP",
    "AutoFamilySupport": "",
    "ZipFile": "xilinx_com_hls_filter_df2t_fixp_1_0.zip"
  },
  "Files": {
    "CSource": ["..\/..\/filter_df2t_fixp.cpp"],
    "Vhdl": [
      "impl\/vhdl\/filter_df2t_fixp_flow_control_loop_pipe_no_ap_cont.vhd",
      "impl\/vhdl\/filter_df2t_fixp_mul_32s_13ns_45_2_1.vhd",
      "impl\/vhdl\/filter_df2t_fixp_regslice_both.vhd",
      "impl\/vhdl\/filter_df2t_fixp.vhd"
    ],
    "Verilog": [
      "impl\/verilog\/filter_df2t_fixp_flow_control_loop_pipe_no_ap_cont.v",
      "impl\/verilog\/filter_df2t_fixp_mul_32s_13ns_45_2_1.v",
      "impl\/verilog\/filter_df2t_fixp_regslice_both.v",
      "impl\/verilog\/filter_df2t_fixp.v"
    ],
    "IpMisc": ["impl\/misc\/logo.png"],
    "CsynthXml": "syn\/report\/csynth.xml",
    "DebugDir": ".debug",
    "KernelXml": ".autopilot\/db\/kernel.internal.xml",
    "Xo": "",
    "XoHlsDir": "",
    "ProtoInst": [".debug\/filter_df2t_fixp.protoinst"]
  },
  "SubcoreInfo": {
    "HasXpmMemory": false,
    "HasClockedDsp": false,
    "Ip": []
  },
  "Interfaces": {
    "ap_clk": {
      "type": "clock",
      "busTypeName": "clock",
      "mode": "slave",
      "busParams": {
        "ASSOCIATED_BUSIF": "x:y",
        "ASSOCIATED_RESET": "ap_rst_n"
      },
      "portMap": {"ap_clk": "CLK"},
      "ports": ["ap_clk"]
    },
    "ap_rst_n": {
      "type": "reset",
      "busTypeName": "reset",
      "mode": "slave",
      "busParams": {"POLARITY": "ACTIVE_LOW"},
      "portMap": {"ap_rst_n": "RST"},
      "ports": ["ap_rst_n"]
    },
    "x": {
      "type": "axi4stream",
      "busTypeName": "axis",
      "mode": "slave",
      "dataWidth": "32",
      "portPrefix": "x_",
      "ports": [
        "x_TDATA",
        "x_TDEST",
        "x_TID",
        "x_TKEEP",
        "x_TLAST",
        "x_TREADY",
        "x_TSTRB",
        "x_TUSER",
        "x_TVALID"
      ],
      "constraints": [{
          "constraint_type": "pragma interface",
          "mode": "axis",
          "register_option": "1",
          "register_mode": "both",
          "argName": "x"
        }]
    },
    "y": {
      "type": "axi4stream",
      "busTypeName": "axis",
      "mode": "master",
      "dataWidth": "32",
      "portPrefix": "y_",
      "ports": [
        "y_TDATA",
        "y_TDEST",
        "y_TID",
        "y_TKEEP",
        "y_TLAST",
        "y_TREADY",
        "y_TSTRB",
        "y_TUSER",
        "y_TVALID"
      ],
      "constraints": [{
          "constraint_type": "pragma interface",
          "mode": "axis",
          "register_option": "1",
          "register_mode": "both",
          "argName": "y"
        }]
    }
  },
  "RtlPorts": {
    "ap_clk": {
      "dir": "in",
      "width": "1"
    },
    "ap_rst_n": {
      "dir": "in",
      "width": "1"
    },
    "x_TVALID": {
      "dir": "in",
      "width": "1"
    },
    "x_TREADY": {
      "dir": "out",
      "width": "1"
    },
    "x_TDEST": {
      "dir": "in",
      "width": "1",
      "isVector": "true"
    },
    "y_TREADY": {
      "dir": "in",
      "width": "1"
    },
    "y_TVALID": {
      "dir": "out",
      "width": "1"
    },
    "y_TDEST": {
      "dir": "out",
      "width": "1",
      "isVector": "true"
    },
    "y_TDATA": {
      "dir": "out",
      "width": "32"
    },
    "y_TKEEP": {
      "dir": "out",
      "width": "4"
    },
    "y_TSTRB": {
      "dir": "out",
      "width": "4"
    },
    "y_TUSER": {
      "dir": "out",
      "width": "1",
      "isVector": "true"
    },
    "y_TLAST": {
      "dir": "out",
      "width": "1",
      "isVector": "true"
    },
    "y_TID": {
      "dir": "out",
      "width": "1",
      "isVector": "true"
    },
    "x_TDATA": {
      "dir": "in",
      "width": "32"
    },
    "x_TKEEP": {
      "dir": "in",
      "width": "4"
    },
    "x_TSTRB": {
      "dir": "in",
      "width": "4"
    },
    "x_TUSER": {
      "dir": "in",
      "width": "1",
      "isVector": "true"
    },
    "x_TLAST": {
      "dir": "in",
      "width": "1",
      "isVector": "true"
    },
    "x_TID": {
      "dir": "in",
      "width": "1",
      "isVector": "true"
    }
  },
  "ModuleInfo": {
    "Hierarchy": {"ModuleName": "filter_df2t_fixp"},
    "Info": {"filter_df2t_fixp": {
        "FunctionProtocol": "ap_ctrl_none",
        "isTaskLevelControl": "0",
        "isPipelined": "0",
        "isCombinational": "0",
        "isOneStateSeq": "0"
      }},
    "Metrics": {"filter_df2t_fixp": {
        "Latency": {
          "LatencyBest": "",
          "LatencyAvg": "",
          "LatencyWorst": "",
          "PipelineII": "",
          "PipelineDepth": "",
          "PipelineType": "no"
        },
        "Timing": {
          "Target": "10.00",
          "Uncertainty": "2.70",
          "Estimate": "6.912"
        },
        "Loops": [{
            "Name": "VITIS_LOOP_16_1",
            "TripCount": "",
            "Latency": "",
            "PipelineII": "1",
            "PipelineDepth": "4"
          }],
        "Area": {
          "DSP": "2",
          "AVAIL_DSP": "220",
          "UTIL_DSP": "~0",
          "FF": "580",
          "AVAIL_FF": "106400",
          "UTIL_FF": "~0",
          "LUT": "298",
          "AVAIL_LUT": "53200",
          "UTIL_LUT": "~0",
          "BRAM_18K": "0",
          "AVAIL_BRAM": "280",
          "UTIL_BRAM": "0",
          "URAM": "0",
          "AVAIL_URAM": "0",
          "UTIL_URAM": "0"
        }
      }}
  },
  "GenerateBdFiles": "0",
  "GenData": {
    "DataVersion": "0.2",
    "Time": "2023-04-13 03:03:07 -0400",
    "ToolName": "vitis_hls",
    "ToolVersion": "2022.1"
  }
}
