<?xml version="1.0" encoding="UTF-8"?>
<vivadoHLSLog:LogRoot xmlns:vivadoHLSLog="www.xilinx.com/vivadoHLSLog">
  <errorLogs>
    <logs>
      <synLog>
        <logs message="ERROR: [HLS 207-1237] extraneous closing brace ('}') (filter_df2t.cpp:72:1)" projectName="filter_df2t" solutionName="solution1" date="2023-04-05T21:05:01.525-0400"/>
        <logs message="ERROR: [HLS 207-2297] 'break' statement not in loop or switch statement (filter_df2t.cpp:69:4)" projectName="filter_df2t" solutionName="solution1" date="2023-04-05T21:05:01.485-0400"/>
        <logs message="ERROR: [HLS 207-3776] use of undeclared identifier 'tmp1' (filter_df2t.cpp:68:7)" projectName="filter_df2t" solutionName="solution1" date="2023-04-05T21:05:01.465-0400"/>
        <logs message="ERROR: [HLS 207-3776] use of undeclared identifier 'tmp1' (filter_df2t.cpp:65:17)" projectName="filter_df2t" solutionName="solution1" date="2023-04-05T21:05:01.445-0400"/>
        <logs message="ERROR: [HLS 207-3776] use of undeclared identifier 'tmp1' (filter_df2t.cpp:64:15)" projectName="filter_df2t" solutionName="solution1" date="2023-04-05T21:05:01.405-0400"/>
        <logs message="ERROR: [HLS 207-3776] use of undeclared identifier 'tmp1' (filter_df2t.cpp:63:17)" projectName="filter_df2t" solutionName="solution1" date="2023-04-05T21:05:01.385-0400"/>
        <logs message="ERROR: [HLS 207-3776] use of undeclared identifier 'tmp1' (filter_df2t.cpp:62:17)" projectName="filter_df2t" solutionName="solution1" date="2023-04-05T21:05:01.355-0400"/>
        <logs message="ERROR: [HLS 207-3776] use of undeclared identifier 'tmp1' (filter_df2t.cpp:61:17)" projectName="filter_df2t" solutionName="solution1" date="2023-04-05T21:05:01.334-0400"/>
        <logs message="ERROR: [HLS 207-3776] use of undeclared identifier 'tmp1' (filter_df2t.cpp:60:17)" projectName="filter_df2t" solutionName="solution1" date="2023-04-05T21:05:01.284-0400"/>
        <logs message="ERROR: [HLS 207-3776] use of undeclared identifier 'y_i' (filter_df2t.cpp:59:23)" projectName="filter_df2t" solutionName="solution1" date="2023-04-05T21:05:01.254-0400"/>
        <logs message="ERROR: [HLS 207-3776] use of undeclared identifier 'a' (filter_df2t.cpp:56:38)" projectName="filter_df2t" solutionName="solution1" date="2023-04-05T21:05:01.214-0400"/>
        <logs message="ERROR: [HLS 207-3776] use of undeclared identifier 'y_i' (filter_df2t.cpp:56:34)" projectName="filter_df2t" solutionName="solution1" date="2023-04-05T21:05:01.185-0400"/>
        <logs message="ERROR: [HLS 207-3776] use of undeclared identifier 'b' (filter_df2t.cpp:56:24)" projectName="filter_df2t" solutionName="solution1" date="2023-04-05T21:05:01.154-0400"/>
        <logs message="ERROR: [HLS 207-3776] use of undeclared identifier 'x_i' (filter_df2t.cpp:56:20)" projectName="filter_df2t" solutionName="solution1" date="2023-04-05T21:05:01.134-0400"/>
        <logs message="ERROR: [HLS 207-3776] use of undeclared identifier 'shift_reg_v' (filter_df2t.cpp:56:3)" projectName="filter_df2t" solutionName="solution1" date="2023-04-05T21:05:01.114-0400"/>
        <logs message="ERROR: [HLS 207-1186] expected expression (filter_df2t.cpp:44:28)" projectName="filter_df2t" solutionName="solution1" date="2023-04-05T21:05:01.104-0400"/>
      </synLog>
      <simLog/>
      <mgLog/>
      <packageLog/>
      <csimLog/>
    </logs>
  </errorLogs>
  <warningLogs>
    <logs>
      <synLog>
        <logs message="WARNING: [HLS 207-5558] Only for/while/do support the pipeline  pragma (filter_df2t.cpp:46:9)" projectName="filter_df2t" solutionName="solution1" date="2023-04-05T21:05:01.505-0400" type="Warning"/>
        <logs message="WARNING: [HLS 200-40] Cannot find source file filter_df2t_fixed_point.cpp; skipping it." projectName="filter_df2t" solutionName="solution1" date="2023-04-05T21:05:00.244-0400" type="Warning"/>
        <logs message="WARNING: [HLS 200-40] Cannot find design file 'filter_df2t_fixed_point.cpp'" projectName="filter_df2t" solutionName="solution1" date="2023-04-05T21:04:57.659-0400" type="Warning"/>
      </synLog>
      <simLog/>
      <mgLog/>
      <packageLog/>
      <csimLog/>
    </logs>
  </warningLogs>
</vivadoHLSLog:LogRoot>
